{
  "config": {
    "mode": "original",
    "model_id": "google/gemma-4-E2B",
    "target_layer": 17,
    "r_values": [
      1,
      2,
      4,
      8
    ],
    "num_sequences": 50,
    "max_length": 512,
    "dtype": "bf16"
  },
  "unmodified": {
    "mean_nll": 2.5286514263766544,
    "ppl": 12.536588219504221
  },
  "results": {
    "1": {
      "mean_nll": 2.5286514263766544,
      "ppl": 12.536588219504221
    },
    "2": {
      "mean_nll": 2.599255627790543,
      "ppl": 13.45371973170889
    },
    "4": {
      "mean_nll": 3.019424588813823,
      "ppl": 20.479504157401262
    },
    "8": {
      "mean_nll": 3.7516032122064633,
      "ppl": 42.58930699271465
    }
  },
  "summary": [
    {
      "r": 1,
      "ppl": 12.536588219504221,
      "ratio": 1.0
    },
    {
      "r": 2,
      "ppl": 13.45371973170889,
      "ratio": 1.0731563880177393
    },
    {
      "r": 4,
      "ppl": 20.479504157401262,
      "ratio": 1.6335787535511122
    },
    {
      "r": 8,
      "ppl": 42.58930699271465,
      "ratio": 3.397200757256659
    }
  ],
  "hook_drift": 0.0
}