{
  "config": {
    "model_id": "google/gemma-4-E2B",
    "target_layer": 17,
    "r_values": [
      1,
      2,
      4,
      8
    ],
    "num_sequences": 50,
    "max_length": 512,
    "dtype": "bf16"
  },
  "unmodified": {
    "mean_nll": 2.5282578077678957,
    "ppl": 12.53165455614523
  },
  "results": {
    "1": {
      "mean_nll": 2.5282578077678957,
      "ppl": 12.53165455614523
    },
    "2": {
      "mean_nll": 2.5993478366596534,
      "ppl": 13.4549603411874
    },
    "4": {
      "mean_nll": 3.0192791160710666,
      "ppl": 20.476525164447587
    },
    "8": {
      "mean_nll": 3.7510927966734404,
      "ppl": 42.567574295709775
    }
  },
  "summary": [
    {
      "r": 1,
      "ppl": 12.53165455614523,
      "ratio": 1.0
    },
    {
      "r": 2,
      "ppl": 13.4549603411874,
      "ratio": 1.073677883547261
    },
    {
      "r": 4,
      "ppl": 20.476525164447587,
      "ratio": 1.6339841696646815
    },
    {
      "r": 8,
      "ppl": 42.567574295709775,
      "ratio": 3.3968039978276954
    }
  ],
  "hook_drift": 0.0
}